<?xml version="1.0" encoding="UTF-8"?>
<project-private xmlns="http://www.netbeans.org/ns/project-private/1">
    <editor-bookmarks xmlns="http://www.netbeans.org/ns/editor-bookmarks/2" lastBookmarkId="0"/>
    <open-files xmlns="http://www.netbeans.org/ns/projectui-open-files/2">
        <group>
            <file>file:/C:/Users/Karan/Desktop/AED%20Project/AED_Project/db4odemo/src/userinterface/VaccinationSession/UpdateVaccinationSession.java</file>
            <file>file:/C:/Users/Karan/Desktop/AED%20Project/AED_Project/db4odemo/src/userinterface/SystemAdminWorkArea/ManageAllColdChainSuppliers.java</file>
            <file>file:/C:/Users/Karan/Desktop/AED%20Project/AED_Project/db4odemo/src/userinterface/Vaccinator/VaccinatorWorkArea.java</file>
            <file>file:/C:/Users/Karan/Desktop/AED%20Project/AED_Project/db4odemo/src/userinterface/SessionManager/SessionManagerWorkArea.java</file>
            <file>file:/C:/Users/Karan/Desktop/AED%20Project/AED_Project/db4odemo/src/userinterface/StateGovernment/ManageVCenterDosesRequest.java</file>
            <file>file:/C:/Users/Karan/Desktop/AED%20Project/AED_Project/db4odemo/src/userinterface/VaccinationCenter/CreateVaccinator.java</file>
            <file>file:/C:/Users/Karan/Desktop/AED%20Project/AED_Project/db4odemo/src/userinterface/Beneficiary/BeneficiaryWorkArea.java</file>
            <file>file:/C:/Users/Karan/Desktop/AED%20Project/AED_Project/db4odemo/src/userinterface/SystemAdminWorkArea/ManageAllVaccineManufacturers.java</file>
            <file>file:/C:/Users/Karan/Desktop/AED%20Project/AED_Project/db4odemo/src/userinterface/StateGovernment/UpdateVaccinationCenter.java</file>
            <file>file:/C:/Users/Karan/Desktop/AED%20Project/AED_Project/db4odemo/src/userinterface/FederalGovernment/FederalGovernmentWorkArea.java</file>
            <file>file:/C:/Users/Karan/Desktop/AED%20Project/AED_Project/db4odemo/src/userinterface/ColdChainSupplier/ColdChainVMTF.java</file>
            <file>file:/C:/Users/Karan/Desktop/AED%20Project/AED_Project/db4odemo/src/userinterface/VaccinationCenter/CreateSessionManager.java</file>
            <file>file:/C:/Users/Karan/Desktop/AED%20Project/AED_Project/db4odemo/src/userinterface/StateGovernment/StateGovernmentWorkArea.java</file>
            <file>file:/C:/Users/Karan/Desktop/AED%20Project/AED_Project/db4odemo/src/userinterface/ColdChainSupplier/ColdChainVCTS.java</file>
            <file>file:/C:/Users/Karan/Desktop/AED%20Project/AED_Project/db4odemo/src/userinterface/Beneficiary/CreateBeneficiary.java</file>
            <file>file:/C:/Users/Karan/Desktop/AED%20Project/AED_Project/db4odemo/src/userinterface/ColdChainSupplier/ColdChainFTS.java</file>
            <file>file:/C:/Users/Karan/Desktop/AED%20Project/AED_Project/db4odemo/src/userinterface/VaccinationCenter/ManageAllAEFIManagers.java</file>
            <file>file:/C:/Users/Karan/Desktop/AED%20Project/AED_Project/db4odemo/src/userinterface/SystemAdminWorkArea/UpdateFederalGovernment.java</file>
            <file>file:/C:/Users/Karan/Desktop/AED%20Project/AED_Project/db4odemo/src/userinterface/VaccinationCenter/CreateAEFIManager.java</file>
            <file>file:/C:/Users/Karan/Desktop/AED%20Project/AED_Project/db4odemo/src/userinterface/MainJFrame.java</file>
            <file>file:/C:/Users/Karan/Desktop/AED%20Project/AED_Project/db4odemo/src/userinterface/VaccinationCenter/RequestAdditionalDoses.java</file>
            <file>file:/C:/Users/Karan/Desktop/AED%20Project/AED_Project/db4odemo/src/userinterface/SystemAdminWorkArea/UpdateColdChainSupplier.java</file>
            <file>file:/C:/Users/Karan/Desktop/AED%20Project/AED_Project/db4odemo/src/userinterface/ColdChainSupplier/ColdChainSupplierWorkArea.java</file>
            <file>file:/C:/Users/Karan/Desktop/AED%20Project/AED_Project/db4odemo/src/userinterface/StateGovernment/ManageAllVaccinationCenters.java</file>
            <file>file:/C:/Users/Karan/Desktop/AED%20Project/AED_Project/db4odemo/src/userinterface/AEFIManager/AEFIManagerWorkArea.java</file>
            <file>file:/C:/Users/Karan/Desktop/AED%20Project/AED_Project/db4odemo/src/userinterface/SystemAdminWorkArea/CreateFederalGovernment.java</file>
            <file>file:/C:/Users/Karan/Desktop/AED%20Project/AED_Project/db4odemo/src/userinterface/SystemAdminWorkArea/CreateColdChainSupplier.java</file>
            <file>file:/C:/Users/Karan/Desktop/AED%20Project/AED_Project/db4odemo/src/userinterface/VaccineManufacturer/ManufacturerWorkArea.java</file>
            <file>file:/C:/Users/Karan/Desktop/AED%20Project/AED_Project/db4odemo/src/userinterface/SystemAdminWorkArea/UpdateVaccineManufacturer.java</file>
            <file>file:/C:/Users/Karan/Desktop/AED%20Project/AED_Project/db4odemo/src/userinterface/VaccinationCenter/ManageAllSessionManagers.java</file>
            <file>file:/C:/Users/Karan/Desktop/AED%20Project/AED_Project/db4odemo/src/userinterface/StateGovernment/RequestAdditionalDoses.java</file>
            <file>file:/C:/Users/Karan/Desktop/AED%20Project/AED_Project/db4odemo/src/userinterface/VaccinationSession/ManageAllSessions.java</file>
            <file>file:/C:/Users/Karan/Desktop/AED%20Project/AED_Project/db4odemo/src/userinterface/StateGovernment/CreateVaccinationCenter.java</file>
            <file>file:/C:/Users/Karan/Desktop/AED%20Project/AED_Project/db4odemo/src/userinterface/VaccinationCenter/UpdateSessionManager.java</file>
            <file>file:/C:/Users/Karan/Desktop/AED%20Project/AED_Project/db4odemo/src/userinterface/VaccineManufacturer/UpdateCurrentDoses.java</file>
            <file>file:/C:/Users/Karan/Desktop/AED%20Project/AED_Project/db4odemo/src/userinterface/SystemAdminWorkArea/UpdateStateGovernment.java</file>
            <file>file:/C:/Users/Karan/Desktop/AED%20Project/AED_Project/db4odemo/src/userinterface/SystemAdminWorkArea/CreateVaccineManufacturer.java</file>
            <file>file:/C:/Users/Karan/Desktop/AED%20Project/AED_Project/db4odemo/src/userinterface/SystemAdminWorkArea/ManageAllStateGovernments.java</file>
            <file>file:/C:/Users/Karan/Desktop/AED%20Project/AED_Project/db4odemo/src/userinterface/SystemAdminWorkArea/SystemAdminWorkAreaJPanel.java</file>
            <file>file:/C:/Users/Karan/Desktop/AED%20Project/AED_Project/db4odemo/src/userinterface/VaccinationSession/CreateVaccinationSession.java</file>
            <file>file:/C:/Users/Karan/Desktop/AED%20Project/AED_Project/db4odemo/src/userinterface/SystemAdminWorkArea/CreateStateGovernment.java</file>
            <file>file:/C:/Users/Karan/Desktop/AED%20Project/AED_Project/db4odemo/src/userinterface/Beneficiary/BookVaccinationAppointment.java</file>
            <file>file:/C:/Users/Karan/Desktop/AED%20Project/AED_Project/db4odemo/src/userinterface/VaccinationCenter/ManageAllVaccinators.java</file>
            <file>file:/C:/Users/Karan/Desktop/AED%20Project/AED_Project/db4odemo/src/userinterface/VaccinationCenter/UpdateAEFIManager.java</file>
            <file>file:/C:/Users/Karan/Desktop/AED%20Project/AED_Project/db4odemo/src/userinterface/SystemAdminWorkArea/ManageAllFederalGovernments.java</file>
            <file>file:/C:/Users/Karan/Desktop/AED%20Project/AED_Project/db4odemo/src/userinterface/VaccinationCenter/VaccinationCenterWorkArea.java</file>
            <file>file:/C:/Users/Karan/Desktop/AED%20Project/AED_Project/db4odemo/src/userinterface/VaccinationCenter/UpdateVaccinator.java</file>
        </group>
    </open-files>
</project-private>
